Country code,Bioenergy,Coal,Gas,Hydro,Nuclear,Other Fossil,Other Renewables,Solar,Wind,ISO3,ISO2
AFG,0.0,0.0,0.0519480519480519,0.5974025974025974,0.0,0.3116883116883117,0.0,0.0389610389610389,0.0,AFG,AF
ALB,0.0,0.0,0.03690036900369,0.918819188191882,0.0,0.03690036900369,0.0,0.007380073800738,0.0,ALB,
DZA,0.0,0.0,0.9153543307086616,0.0051181102362204,0.0,0.0614173228346456,0.0,0.0177165354330708,0.0003937007874015,DZA,DZ
ASM,0.0,0.0,0.0,0.0,0.0,1.0,0.0,0.0,0.0,ASM,AS
AGO,0.0086505190311418,0.0,0.1245674740484429,0.6453287197231834,0.0,0.1712802768166089,0.0,0.0501730103806228,0.0,AGO,AO
ATG,0.0,0.0,0.0,0.0,0.0,0.8571428571428572,0.0,0.1428571428571428,0.0,ATG,AG
ARG,0.0087016258300893,0.0114495076711701,0.4806503320357225,0.2379207694069155,0.0400732768490954,0.1039615296542248,0.0,0.0322876116326997,0.0849553469200824,ARG,AR
ARM,0.0,0.0,0.5012224938875305,0.3300733496332518,0.1100244498777506,0.0,0.0,0.0586797066014669,0.0,ARM,AM
ABW,0.0,0.0,0.0,0.0,0.0,0.8461538461538461,0.0,0.0384615384615384,0.1153846153846153,ABW,AW
AUS,0.0082505156572285,0.2143258953684605,0.2535158447402962,0.0791299456216013,0.0,0.0227826739171198,0.0,0.3157697356084755,0.1062253890868179,AUS,AU
AUT,0.0291948371235402,0.0,0.1594960049170252,0.4520590043023971,0.0,0.0193607867240319,0.0076828518746158,0.2098955132145052,0.1223110018438844,AUT,AT
AZE,0.0,0.0,0.8172942817294282,0.1617852161785216,0.0,0.0,0.00557880055788,0.00697350069735,0.00836820083682,AZE,AZ
BHS,0.0,0.0,0.0,0.0,0.0,0.9893617021276596,0.0,0.0106382978723404,0.0,BHS,BS
BHR,0.0,0.0,0.9942196531791908,0.0,0.0,0.0,0.0,0.0057803468208092,0.0,BHR,BH
BGD,0.0004017677782241,0.1916432302129369,0.4576134993973483,0.0092406588991562,0.0,0.3101647247890719,0.0,0.0309361189232623,0.0,BGD,BD
BRB,0.0,0.0,0.0,0.0,0.0,0.8108108108108107,0.0,0.1891891891891892,0.0,BRB,BB
BLR,0.0121527777777777,0.0,0.8437500000000001,0.0086805555555555,0.1015625,0.0,0.0,0.0234375,0.0104166666666666,BLR,BY
BEL,0.0275334608030592,0.0,0.2707456978967495,0.0045889101338432,0.1468451242829828,0.007265774378585,0.005736137667304,0.3269598470363289,0.2103250478011472,BEL,BE
BLZ,0.1999999999999999,0.0,0.0,0.3,0.0,0.4499999999999999,0.0,0.0499999999999999,0.0,BLZ,BZ
BEN,0.0,0.0,0.3939393939393938,0.0,0.0,0.515151515151515,0.0,0.0909090909090908,0.0,BEN,BJ
BMU,0.0,0.0,0.0,0.0,0.0,1.0,0.0,0.0,0.0,BMU,BM
BTN,0.0,0.0,0.0,0.995726495726496,0.0,0.0042735042735042,0.0,0.0,0.0,BTN,BT
BOL,0.0628140703517587,0.0,0.6407035175879396,0.185929648241206,0.0,0.0326633165829145,0.0,0.0427135678391959,0.0351758793969849,BOL,BO
BIH,0.002375296912114,0.4964370546318291,0.0,0.4370546318289787,0.0,0.0,0.0,0.0308788598574821,0.0332541567695962,BIH,BA
BWA,0.0,0.9012345679012344,0.0,0.0,0.0,0.0864197530864197,0.0,0.0123456790123456,0.0,BWA,BW
BRA,0.07765444655729,0.0140627072922655,0.0821209039048335,0.486003626232698,0.0088002476451598,0.0368814398797152,0.0,0.165612700658913,0.1288639278291248,BRA,BR
BRN,0.0,0.180327868852459,0.8114754098360656,0.0,0.0,0.0081967213114754,0.0,0.0,0.0,BRN,BN
BGR,0.0034387895460797,0.3514442916093535,0.0825309491059147,0.1740027510316368,0.1382393397524071,0.0,0.0,0.202200825309491,0.0481430536451169,BGR,BG
BFA,0.0,0.0,0.0,0.0588235294117647,0.0,0.7647058823529412,0.0,0.1764705882352941,0.0,BFA,BF
BDI,0.0,0.0,0.0,0.5,0.0,0.4166666666666667,0.0,0.0833333333333333,0.0,BDI,BI
CPV,0.0,0.0,0.0,0.0,0.0,0.7727272727272728,0.0,0.0909090909090909,0.1363636363636363,CPV,CV
KHM,0.0117370892018779,0.3309859154929577,0.0,0.3943661971830986,0.0,0.1502347417840375,0.0,0.1126760563380281,0.0,KHM,KH
CMR,0.0,0.0,0.1848739495798319,0.680672268907563,0.0,0.1260504201680672,0.0,0.0084033613445378,0.0,CMR,CM
CAN,0.0172876694388055,0.03097374107786,0.154934188985659,0.5455438412677625,0.0873551175430554,0.0149302599698775,0.0,0.0377185515028485,0.1112566302141313,CAN,CA
CYM,0.0,0.0,0.0,0.0,0.0,0.9473684210526316,0.0,0.0526315789473684,0.0,CYM,KY
CAF,0.0,0.0,0.0,0.2222222222222222,0.0,0.7777777777777778,0.0,0.0,0.0,CAF,CF
TCD,0.0,0.0,0.4285714285714285,0.0,0.0,0.5714285714285714,0.0,0.0,0.0,TCD,TD
CHL,0.0,0.1291338582677165,0.1467716535433071,0.2352755905511811,0.0,0.0774803149606299,0.00251968503937,0.2667716535433071,0.1420472440944881,CHL,CL
CHN,0.0065986091554355,0.4095591827351361,0.0471098307422627,0.1331216414264777,0.0204423977700508,0.005352165292106,0.0,0.2190867553665335,0.1587294175119974,CHN,CN
COL,0.0161290322580645,0.076036866359447,0.1986175115207373,0.6087557603686636,0.0,0.0682027649769585,0.0,0.0313364055299539,0.0009216589861751,COL,CO
COM,0.0,0.0,0.0,0.0,0.0,1.0,0.0,0.0,0.0,COM,KM
COD,0.0,0.0,0.0,0.9638157894736844,0.0,0.0263157894736842,0.0,0.0098684210526315,0.0,COD,CD
COG,0.0123456790123456,0.0,0.654320987654321,0.2592592592592592,0.0,0.074074074074074,0.0,0.0,0.0,COG,CG
COK,0.0,0.0,0.0,0.0,0.0,0.6666666666666667,0.0,0.3333333333333333,0.0,COK,CK
CRI,0.0224089635854341,0.0,0.0,0.6638655462184875,0.0,0.1064425770308123,0.072829131652661,0.0196078431372549,0.1148459383753501,CRI,CR
CIV,0.0,0.0,0.4976958525345623,0.4055299539170507,0.0,0.0921658986175115,0.0,0.0046082949308755,0.0,CIV,CI
HRV,0.026711185308848,0.0567612687813021,0.026711185308848,0.3689482470784641,0.0,0.2520868113522538,0.001669449081803,0.0767946577629382,0.1903171953255426,HRV,HR
CUB,0.1305518169582772,0.0,0.0780619111709286,0.0094212651413189,0.0,0.7375504710632571,0.0,0.034993270524899,0.0094212651413189,CUB,CU
CYP,0.0038910505836575,0.0,0.0,0.0,0.0,0.6964980544747081,0.0,0.2373540856031128,0.0622568093385213,CYP,CY
CZE,0.0458765701802293,0.4096122337520481,0.0906608410704533,0.0611687602403058,0.2342981977061715,0.0016384489350081,0.0016384489350081,0.1365374112506827,0.0185690879300928,CZE,CZ
DNK,0.1099099099099099,0.0936936936936937,0.0504504504504504,0.0006006006006006,0.0,0.0738738738738738,0.0102102102102102,0.212012012012012,0.4492492492492493,DNK,DK
DJI,0.0,0.0,0.0,0.0,0.0,0.8571428571428572,0.0,0.0,0.1428571428571428,DJI,DJ
DMA,0.0,0.0,0.0,0.3333333333333333,0.0,0.6666666666666667,0.0,0.0,0.0,DMA,DM
DOM,0.0142857142857142,0.1682539682539682,0.2587301587301587,0.0984126984126984,0.0,0.2777777777777777,0.0,0.1158730158730158,0.0666666666666666,DOM,DO
ECU,0.0168728908886389,0.0,0.107986501687289,0.5838020247469067,0.0,0.280089988751406,0.0,0.0033745781777277,0.0078740157480314,ECU,EC
EGY,0.0021896580764695,0.0,0.8869799562068384,0.0476671719723766,0.0,0.0,0.0,0.0313289540171803,0.0318342597271349,EGY,EG
SLV,0.1123595505617977,0.0,0.1423220973782771,0.2134831460674157,0.0,0.2059925093632959,0.0861423220973782,0.2209737827715355,0.0187265917602996,SLV,SV
GNQ,0.0,0.0,0.3902439024390243,0.3170731707317073,0.0,0.2926829268292683,0.0,0.0,0.0,GNQ,GQ
ERI,0.0,0.0,0.0,0.0,0.0,0.9130434782608696,0.0,0.0869565217391304,0.0,ERI,ER
EST,0.0668789808917197,0.0,0.1337579617834395,0.0031847133757961,0.0,0.4171974522292994,0.0286624203821656,0.2197452229299362,0.1305732484076433,EST,EE
SWZ,0.5789473684210527,0.0,0.0,0.3157894736842105,0.0,0.0526315789473684,0.0,0.0526315789473684,0.0,SWZ,SZ
ETH,0.0545774647887324,0.0,0.0,0.8485915492957747,0.0,0.0176056338028169,0.005281690140845,0.0035211267605633,0.0704225352112676,ETH,ET
FLK,0.0,0.0,0.0,0.0,0.0,1.0,0.0,0.0,0.0,FLK,FK
FRO,0.0,0.0,0.0,0.2352941176470588,0.0,0.6470588235294118,0.0,0.0,0.1176470588235294,FRO,FO
FJI,0.175,0.0,0.0,0.35,0.0,0.425,0.0,0.0249999999999999,0.0249999999999999,FJI,FJ
FIN,0.1208082545141874,0.0588993981083405,0.0928632846087704,0.1367153912295786,0.1887360275150472,0.053310404127257,0.0107480653482373,0.0386930352536543,0.2992261392949269,FIN,FI
FRA,0.0101529450048812,0.0163358281809306,0.1204035144809632,0.1571103156524569,0.3996095021151969,0.012626098275301,0.0055320533680442,0.13374552554507,0.1444842173771559,FRA,FR
GUF,0.0294117647058823,0.0,0.0,0.3529411764705882,0.0,0.4411764705882352,0.0,0.1764705882352941,0.0,GUF,GF
PYF,0.0,0.0,0.0,0.15625,0.0,0.6875,0.0,0.15625,0.0,PYF,PF
GAB,0.0,0.0,0.5434782608695652,0.358695652173913,0.0,0.0978260869565217,0.0,0.0,0.0,GAB,GA
GMB,0.0,0.0,0.0,0.0,0.0,1.0,0.0,0.0,0.0,GMB,GM
GEO,0.0,0.0,0.3662477558348295,0.6193895870736087,0.0,0.0,0.0,0.0107719928186714,0.0035906642728904,GEO,GE
DEU,0.0367837871236149,0.1665362277052354,0.139844297071302,0.0236437780615397,0.0,0.0059727313918523,0.0044074638546772,0.3366972854965605,0.2861144292952177,DEU,DE
GHA,0.001926782273603,0.0,0.5895953757225433,0.3044315992292871,0.0,0.071290944123314,0.0,0.0327552986512524,0.0,GHA,GH
GRC,0.0049392097264437,0.1094224924012158,0.239741641337386,0.1303191489361702,0.0,0.0501519756838905,0.0,0.26709726443769,0.1983282674772036,GRC,GR
GRL,0.0,0.0,0.0,0.4736842105263157,0.0,0.5263157894736842,0.0,0.0,0.0,GRL,GL
GRD,0.0,0.0,0.0,0.0,0.0,1.0,0.0,0.0,0.0,GRD,GD
GLP,0.087719298245614,0.1052631578947368,0.0,0.0175438596491228,0.0,0.5263157894736842,0.0175438596491228,0.1578947368421052,0.087719298245614,GLP,GP
GUM,0.0,0.0,0.0,0.0,0.0,0.8076923076923076,0.0,0.1923076923076923,0.0,GUM,GU
GTM,0.2307692307692307,0.116710875331565,0.0,0.4164456233421751,0.0,0.1671087533156499,0.013262599469496,0.026525198938992,0.0291777188328912,GTM,GT
GIN,0.0,0.0,0.0,0.6428571428571429,0.0,0.3412698412698413,0.0,0.0158730158730158,0.0,GIN,GN
GNB,0.0,0.0,0.0,0.0,0.0,1.0,0.0,0.0,0.0,GNB,GW
GUY,0.0975609756097561,0.0,0.0,0.0,0.0,0.8780487804878049,0.0,0.024390243902439,0.0,GUY,GY
HTI,0.0,0.0,0.0,0.1666666666666666,0.0,0.8333333333333333,0.0,0.0,0.0,HTI,HT
HND,0.074074074074074,0.0336700336700336,0.0168350168350168,0.3063973063973063,0.0,0.2962962962962962,0.0134680134680134,0.1784511784511784,0.0808080808080807,HND,HN
HKG,0.005231037489102,0.5326939843068875,0.4202266782911944,0.0,0.0,0.02615518744551,0.0,0.015693112467306,0.0,HKG,HK
HUN,0.0326713645099295,0.0762331838565022,0.3497757847533632,0.0038436899423446,0.1300448430493273,0.0108904548366431,0.0019218449711723,0.3741191543882127,0.0204996796925048,HUN,HU
ISL,0.0,0.0,0.0,0.7009966777408638,0.0,0.0431893687707641,0.2524916943521595,0.0033222591362126,0.0,ISL,IS
IND,0.0221713510534571,0.5037093560557887,0.0687608631141633,0.1003221840688456,0.0158548475984569,0.0393827631523167,0.0,0.1549662978506931,0.0948323371062783,IND,IN
IDN,0.0341815829199913,0.5559629070519733,0.2236359715333189,0.0731076126806124,0.0,0.0791459995686866,0.0262022859607504,0.0061462152253612,0.0016174250593055,IDN,ID
IRN,0.0001148369315571,0.0,0.8423288929719799,0.1341295360587965,0.0117133670188332,0.0006890215893431,0.0,0.0068902158934313,0.0041341295360587,IRN,IR
IRQ,0.0,0.0,0.7169723705595542,0.036220106802879,0.0,0.2458788019503134,0.0,0.0009287206872533,0.0,IRQ,IQ
IRL,0.0058724832214765,0.0771812080536912,0.3582214765100671,0.0201342281879194,0.0,0.0696308724832214,0.0033557046979865,0.0620805369127516,0.4035234899328859,IRL,IE
ISR,0.0014130946773433,0.2034856335374469,0.5803108808290155,0.0004710315591144,0.0,0.0,0.0,0.2077249175694771,0.0065944418276024,ISR,IL
ITA,0.0233738274642472,0.0474396432415808,0.440412117484238,0.1449331077964016,0.0,0.0110718130093802,0.0089958480701214,0.2291250192218976,0.0946486237121328,ITA,IT
JAM,0.0185185185185185,0.0,0.2839506172839505,0.0185185185185185,0.0,0.5493827160493826,0.0,0.0679012345679012,0.0617283950617283,JAM,JM
JPN,0.0166869026493571,0.1735002023598269,0.265278166931291,0.0878552971576227,0.1029855857538681,0.0663428909436194,0.0,0.2710687712088664,0.016282182995548,JPN,JP
JOR,0.0014064697609001,0.0,0.5625879043600563,0.0,0.0,0.0731364275668073,0.0,0.2770745428973277,0.0857946554149085,JOR,JO
KAZ,0.0004288164665523,0.5827615780445969,0.1745283018867924,0.1243567753001715,0.0,0.0,0.0,0.0561749571183533,0.0617495711835334,KAZ,KZ
KEN,0.0302114803625377,0.0,0.0,0.2598187311178248,0.0,0.1722054380664652,0.2960725075528701,0.1087613293051359,0.1329305135951661,KEN,KE
KIR,0.0,0.0,0.0,0.0,0.0,1.0,0.0,0.0,0.0,KIR,KI
PRK,0.0,0.4028605482717521,0.0,0.5828367103694875,0.0,0.0,0.0,0.0143027413587604,0.0,PRK,KP
XKX,0.0,0.8269230769230769,0.0,0.0705128205128205,0.0,0.0,0.0,0.0128205128205128,0.0897435897435897,XKX,
KWT,0.0,0.0,0.5756530310497782,0.0,0.0,0.4189255791030064,0.0,0.0049285362247412,0.0004928536224741,KWT,KW
KGZ,0.0,0.2256267409470752,0.0,0.7743732590529248,0.0,0.0,0.0,0.0,0.0,KGZ,KG
LAO,0.0094017094017094,0.1606837606837606,0.0,0.8247863247863247,0.0,0.0,0.0,0.0051282051282051,0.0,LAO,LA
LVA,0.0449826989619377,0.0,0.3633217993079585,0.5432525951557093,0.0,0.0,0.0,0.0,0.0484429065743944,LVA,LV
LBN,0.0030211480362537,0.0,0.3625377643504531,0.0845921450151057,0.0,0.2870090634441087,0.0,0.2628398791540785,0.0,LBN,LB
LSO,0.0,0.0,0.0,1.0,0.0,0.0,0.0,0.0,0.0,LSO,LS
LBR,0.0,0.0,0.0,0.4736842105263157,0.0,0.5263157894736842,0.0,0.0,0.0,LBR,LR
LBY,0.0,0.0,0.8676585747846516,0.0,0.0,0.1315583398590446,0.0,0.0007830853563038,0.0,LBY,LY
LTU,0.0445434298440979,0.0,0.3786191536748329,0.0267260579064587,0.0,0.0,0.0044543429844097,0.2583518930957683,0.2873051224944321,LTU,LT
LUX,0.1034482758620689,0.0,0.0919540229885057,0.0344827586206896,0.0,0.0114942528735632,0.0114942528735632,0.4942528735632184,0.2528735632183908,LUX,LU
MAC,0.0,0.0,0.3414634146341463,0.0,0.0,0.6585365853658537,0.0,0.0,0.0,MAC,MO
MDG,0.0,0.1379310344827586,0.0,0.2183908045977011,0.0,0.5747126436781609,0.0,0.0689655172413793,0.0,MDG,MG
MWI,0.0277777777777777,0.0,0.0,0.5416666666666667,0.0,0.1805555555555555,0.0,0.25,0.0,MWI,MW
MYS,0.0217443827011355,0.3208504469678666,0.4281227349601352,0.1500362406378352,0.0,0.0326165740517033,0.0,0.0466296206813239,0.0,MYS,MY
MDV,0.0,0.0,0.0806451612903225,0.0,0.0,0.8548387096774193,0.0,0.064516129032258,0.0,MDV,MV
MLI,0.036036036036036,0.0,0.0,0.4144144144144144,0.0,0.4594594594594594,0.0,0.09009009009009,0.0,MLI,ML
MLT,0.0,0.0,0.4615384615384615,0.0,0.0,0.2435897435897435,0.0,0.2948717948717949,0.0,MLT,MT
MTQ,0.0888888888888888,0.0,0.0,0.0,0.0,0.7111111111111111,0.0,0.1777777777777777,0.0222222222222222,MTQ,MQ
MRT,0.0,0.0,0.3333333333333333,0.0,0.0,0.4444444444444444,0.0,0.1666666666666666,0.0555555555555555,MRT,MR
MUS,0.0978260869565217,0.2065217391304347,0.0,0.0652173913043478,0.0,0.5,0.0,0.1195652173913043,0.0108695652173913,MUS,MU
MEX,0.0080689029918404,0.0487760652765185,0.4075249320036265,0.1205802357207615,0.0145965548504079,0.2351767905711695,0.0,0.098912058023572,0.0663644605621033,MEX,MX
MDA,0.0064724919093851,0.5177993527508091,0.3818770226537217,0.0194174757281553,0.0,0.0,0.0,0.029126213592233,0.0453074433656957,MDA,MD
MNG,0.0,0.7661290322580645,0.0,0.0241935483870967,0.0,0.0080645161290322,0.0,0.0725806451612903,0.1290322580645161,MNG,MN
MNE,0.0,0.2037037037037037,0.0,0.648148148148148,0.0,0.0,0.0,0.037037037037037,0.1111111111111111,MNE,ME
MSR,0.0,0.0,0.0,0.0,0.0,1.0,0.0,0.0,0.0,MSR,MS
MAR,0.0009737098344693,0.4148003894839338,0.0847127555988315,0.127555988315482,0.0,0.1002921129503408,0.0,0.0905550146056475,0.181110029211295,MAR,MA
MOZ,0.0233333333333333,0.0,0.22,0.73,0.0,0.0,0.0,0.0266666666666666,0.0,MOZ,MZ
MMR,0.0089020771513353,0.0281899109792284,0.4510385756676557,0.4851632047477744,0.0,0.0,0.0,0.0267062314540059,0.0,MMR,MM
NAM,0.0,0.1666666666666666,0.0,0.4861111111111111,0.0,0.0833333333333333,0.0,0.25,0.0138888888888888,NAM,
NRU,0.0,0.0,0.0,0.0,0.0,1.0,0.0,0.0,0.0,NRU,NR
NPL,0.0042194092827004,0.0,0.0,0.928270042194093,0.0,0.0210970464135021,0.0,0.0464135021097046,0.0,NPL,NP
NLD,0.0096791539702455,0.0627352572145545,0.2853557985302025,0.0007169743681663,0.0091414231941208,0.0041226026169564,0.0071697436816633,0.4283921849793869,0.1926868614447033,NLD,NL
NCL,0.0,0.2781954887218045,0.0,0.0601503759398496,0.0,0.4812030075187969,0.0,0.1353383458646616,0.0451127819548872,NCL,NC
NZL,0.0130597014925373,0.0466417910447761,0.1791044776119403,0.5298507462686567,0.0,0.0,0.0979477611940298,0.0345149253731343,0.0988805970149253,NZL,NZ
NIC,0.1818181818181818,0.0,0.0,0.1322314049586777,0.0,0.371900826446281,0.140495867768595,0.0165289256198347,0.1570247933884297,NIC,NI
NER,0.0,0.0,0.0425531914893617,0.0,0.0,0.8297872340425532,0.0,0.1276595744680851,0.0,NER,NE
NGA,0.0013745704467353,0.0192439862542955,0.7759450171821306,0.1958762886597938,0.0,0.0,0.0,0.0075601374570446,0.0,NGA,NG
MKD,0.0038610038610038,0.3166023166023166,0.0849420849420849,0.2702702702702703,0.0,0.0772200772200772,0.0,0.2046332046332046,0.0424710424710424,MKD,MK
NOR,0.0007449714427613,0.0,0.0148994288552272,0.854233921033027,0.0,0.0032282095852992,0.0012416190712689,0.0,0.1256518500124161,NOR,NO
OMN,0.0,0.0,0.9404844290657438,0.0,0.0,0.0096885813148788,0.0,0.0463667820069204,0.0034602076124567,OMN,OM
PAK,0.0094318929589822,0.1708708050010967,0.3538056591357753,0.2333845141478394,0.0794033779337574,0.0853257293266067,0.0,0.0271989471375301,0.0405790743584119,PAK,PK
PSE,0.0,0.0,0.0,0.0,0.0,0.0,0.0,1.0,0.0,PSE,PS
PAN,0.0169902912621359,0.0752427184466019,0.0922330097087378,0.4466019417475728,0.0,0.1577669902912621,0.0,0.1286407766990291,0.0825242718446602,PAN,PA
PNG,0.0194174757281553,0.0,0.203883495145631,0.2524271844660194,0.0,0.4757281553398058,0.0485436893203883,0.0,0.0,PNG,PG
PRY,0.0045045045045045,0.0,0.0,0.9921171171171173,0.0,0.0033783783783783,0.0,0.0,0.0,PRY,PY
PER,0.012911555842479,0.0,0.4318915429309231,0.355067785668173,0.0,0.1329890251775339,0.0,0.0213040671400903,0.0458360232408005,PER,PE
PHL,0.0220774520448787,0.4372059355772711,0.1201592471950778,0.1118349619978284,0.0,0.1617806731813246,0.0705754614549402,0.0604415490408975,0.0159247195077813,PHL,PH
POL,0.0200708382526564,0.4808568055321301,0.0588632147073705,0.0165289256198347,0.0,0.0,0.0,0.2666554224995783,0.1570247933884297,POL,PL
PRT,0.0285714285714285,0.0,0.1822510822510822,0.3545454545454545,0.0,0.0203463203463203,0.003030303030303,0.1679653679653679,0.2432900432900432,PRT,PT
PRI,0.0,0.0,0.219047619047619,0.0158730158730158,0.0,0.5968253968253968,0.0,0.1523809523809523,0.0158730158730158,PRI,PR
QAT,0.0,0.0,0.9388059701492536,0.0,0.0,0.0,0.0007462686567164,0.0604477611940298,0.0,QAT,QA
REU,0.0978260869565217,0.1847826086956522,0.0,0.1413043478260869,0.0,0.3152173913043478,0.0,0.2391304347826087,0.0217391304347826,REU,RE
ROU,0.0087719298245614,0.1437621832358674,0.1627680311890838,0.3201754385964912,0.0633528265107212,0.0570175438596491,0.0,0.0935672514619883,0.1505847953216374,ROU,RO
RUS,0.0057957526017429,0.1601658346729841,0.4748286657077586,0.2139351891022929,0.1249682714273627,0.00046535239868,0.0,0.0091801336830527,0.0106608004061257,RUS,RU
RWA,0.0,0.1666666666666666,0.0999999999999999,0.3999999999999999,0.0,0.2333333333333333,0.0,0.0999999999999999,0.0,RWA,RW
KNA,0.0,0.0,0.0,0.0,0.0,1.0,0.0,0.0,0.0,KNA,KN
LCA,0.0,0.0,0.0,0.0,0.0,1.0,0.0,0.0,0.0,LCA,LC
SPM,0.0,0.0,0.0,0.0,0.0,1.0,0.0,0.0,0.0,SPM,PM
VCT,0.0,0.0,0.0,0.1666666666666666,0.0,0.8333333333333333,0.0,0.0,0.0,VCT,VC
WSM,0.0,0.0,0.0,0.25,0.0,0.625,0.0,0.125,0.0,WSM,WS
STP,0.0,0.0,0.0,0.0,0.0,1.0,0.0,0.0,0.0,STP,ST
SAU,0.0,0.0,0.7015224358974358,0.0,0.0,0.271534455128205,0.0,0.0229366987179487,0.0040064102564102,SAU,SA
SEN,0.019108280254777,0.1019108280254777,0.178343949044586,0.0,0.0,0.4331210191082802,0.0,0.1656050955414012,0.1019108280254777,SEN,SN
SRB,0.0048780487804878,0.5451219512195122,0.0670731707317073,0.3036585365853659,0.0,0.0,0.0,0.0170731707317073,0.0621951219512195,SRB,RS
SYC,0.0,0.0,0.0,0.0,0.0,0.8461538461538461,0.0,0.0769230769230769,0.0769230769230769,SYC,SC
SLE,0.1249999999999999,0.0,0.0,0.2499999999999999,0.0,0.5833333333333334,0.0,0.0416666666666666,0.0,SLE,SL
SGP,0.0042016806722689,0.0,0.9117647058823528,0.0,0.0,0.0193277310924369,0.0,0.0647058823529411,0.0,SGP,SG
SVK,0.0366713681241184,0.0691114245416079,0.2933709449929478,0.228490832157969,0.2820874471086037,0.0,0.001410437235543,0.0888575458392101,0.0,SVK,SK
SVN,0.0218340611353711,0.2336244541484716,0.1157205240174672,0.2532751091703056,0.1506550218340611,0.0,0.0,0.2248908296943231,0.0,SVN,SI
SLB,0.0,0.0,0.0,0.0,0.0,1.0,0.0,0.0,0.0,SLB,SB
SOM,0.0,0.0,0.0,0.0,0.0,0.5454545454545454,0.0,0.4545454545454546,0.0,SOM,SO
ZAF,0.00418410041841,0.7384937238493724,0.0207595751528805,0.0120695204377212,0.031058899259736,0.0389443192790473,0.0,0.099130994528484,0.0553588670743482,ZAF,ZA
KOR,0.0206074483130177,0.2702538891507846,0.3136911576537141,0.0121220284194221,0.1660044447437538,0.0205401037106875,0.0,0.1821671493029834,0.0146137787056367,KOR,KR
SSD,0.0,0.0,0.0,0.0,0.0,0.8947368421052632,0.0,0.1052631578947368,0.0,SSD,SS
ESP,0.0095277547638773,0.0244407622203811,0.2259320629660315,0.1392709196354598,0.0589892294946147,0.0265948632974316,0.0011599005799502,0.2570008285004143,0.2570836785418393,ESP,ES
LKA,0.0083857442348008,0.1886792452830188,0.0964360587002096,0.3836477987421383,0.0,0.1027253668763102,0.0,0.1677148846960167,0.0524109014675052,LKA,LK
SDN,0.0516795865633075,0.0,0.2093023255813953,0.3824289405684754,0.0,0.3074935400516795,0.0,0.0490956072351421,0.0,SDN,SD
SUR,0.0,0.0,0.0,0.3050847457627118,0.0,0.6779661016949152,0.0,0.0169491525423728,0.0,SUR,SR
SWE,0.0797323135755258,0.0,0.0126195028680688,0.3135755258126194,0.1319311663479923,0.0782026768642447,0.0065009560229445,0.0667304015296367,0.3107074569789674,SWE,SE
CHE,0.0011937922801432,0.0,0.0091524074810982,0.6080382013529646,0.1177875049741345,0.0198965380023875,0.007958615200955,0.2323915638678869,0.0035813768404297,CHE,CH
SYR,0.0010341261633919,0.0062047569803516,0.7621509824198552,0.1540847983453981,0.0,0.0703205791106515,0.0,0.0062047569803516,0.0,SYR,SY
TWN,0.0013431833445265,0.3216924110141034,0.3158159838817998,0.0352585627938213,0.031900604432505,0.0406312961719274,0.0,0.2085292142377434,0.0448287441235728,TWN,TW
TJK,0.0,0.0627943485086342,0.0329670329670329,0.9042386185243328,0.0,0.0,0.0,0.0,0.0,TJK,TJ
TZA,0.035,0.0,0.485,0.3,0.0,0.17,0.0,0.01,0.0,TZA,TZ
THA,0.0802699342923104,0.1090392470253951,0.6712839637719766,0.0552299769135144,0.0,0.0,0.0,0.0566506837151482,0.0275261942816551,THA,TH
TLS,0.0,0.0,0.0,0.0,0.0,1.0,0.0,0.0,0.0,TLS,TL
TGO,0.0,0.0,0.2,0.2,0.0,0.4285714285714285,0.0,0.1714285714285714,0.0,TGO,TG
TON,0.0,0.0,0.0,0.0,0.0,0.6666666666666667,0.0,0.3333333333333333,0.0,TON,TO
TTO,0.0,0.0,0.9903846153846154,0.0,0.0,0.0096153846153846,0.0,0.0,0.0,TTO,TT
TUN,0.0,0.0,0.8742424242424243,0.0106060606060606,0.0,0.0,0.0,0.0772727272727272,0.0378787878787878,TUN,TN
TUR,0.0181176251974356,0.1939050450617857,0.256712812412896,0.295270835268977,0.0,0.0061321192975936,0.0162594072284678,0.10489640434823,0.1087057511846139,TUR,TR
TKM,0.0,0.0,1.0,0.0,0.0,0.0,0.0,0.0,0.0,TKM,TM
TCA,0.0,0.0,0.0,0.0,0.0,1.0,0.0,0.0,0.0,TCA,TC
UGA,0.0757575757575757,0.0,0.0,0.7803030303030302,0.0,0.0757575757575757,0.0,0.0681818181818181,0.0,UGA,UG
UKR,0.0045988758303525,0.3658661216147164,0.1444387668199625,0.0820984500085164,0.2357349684891841,0.0,0.0,0.1372849599727474,0.0299778572645205,UKR,UA
ARE,0.0001871257485029,0.0,0.809131736526946,0.0,0.0780314371257484,0.0,0.0,0.1107784431137724,0.0018712574850299,ARE,AE
GBR,0.0655513159182076,0.021230799334703,0.3631738577438607,0.0214264749046081,0.0575286175520986,0.0222091771842285,0.0,0.1532139712356912,0.2956657861266021,GBR,GB
USA,0.0079129889011591,0.1591178129642724,0.4313452875608768,0.0688493592544629,0.0760870428779127,0.0255503738013331,0.0029395641500289,0.1105991149528478,0.117598455537106,USA,US
URY,0.1401515151515151,0.0,0.2102272727272727,0.2916666666666667,0.0,0.0132575757575757,0.0,0.0568181818181818,0.2878787878787879,URY,UY
UZB,0.0,0.1392617449664429,0.7220357941834452,0.1247203579418344,0.0,0.0,0.0,0.0139821029082774,0.0,UZB,UZ
VUT,0.0,0.0,0.0,0.0,0.0,1.0,0.0,0.0,0.0,VUT,VU
VEN,0.0057471264367816,0.0,0.4151453684922245,0.568289384719405,0.0,0.0094658553076402,0.0,0.0,0.0013522650439486,VEN,VE
VNM,0.004669451953797,0.3347259768985008,0.1001474563774883,0.2782010321946424,0.0,0.0,0.0,0.2098795772917178,0.0723765052838535,VNM,VN
VGB,0.0,0.0,0.0,0.0,0.0,1.0,0.0,0.0,0.0,VGB,VG
VIR,0.0,0.0,0.0,0.0,0.0,0.9705882352941176,0.0,0.0294117647058823,0.0,VIR,VI
YEM,0.0,0.0,0.3224489795918367,0.0,0.0,0.5714285714285714,0.0,0.1061224489795918,0.0,YEM,YE
ZMB,0.0104712041884816,0.0863874345549738,0.0,0.8298429319371728,0.0,0.0497382198952879,0.0,0.0235602094240837,0.0,ZMB,ZM
ZWE,0.0448430493273542,0.4484304932735426,0.0,0.484304932735426,0.0,0.0044843049327354,0.0,0.0179372197309417,0.0,ZWE,ZW
